Obs,id
1,http://www.upwork.com/o/profiles/users/_~01c2e8e83dae9a7224/
2,http://www.upwork.com/o/profiles/users/_~0174a530e290384a82/
3,http://www.upwork.com/o/profiles/users/_~01af4704adc3417e92/
4,http://www.upwork.com/o/profiles/users/_~01d9c1a2e6bda9b34e/
5,http://www.upwork.com/o/profiles/users/_~016cc283915b64b0ab/
6,http://www.upwork.com/o/profiles/users/_~010a19f56ff1f29552/
7,http://www.upwork.com/o/profiles/users/_~01d1148ae7f10082ab/
8,http://www.upwork.com/o/profiles/users/_~01d773a09aaa2d1b7e/
9,https://www.upwork.com/freelancers/_~013e8a40b4ab19075c/
10,https://www.upwork.com/freelancers/_~01bf9144995181d096/
11,https://www.upwork.com/freelancers/_~01fe2d4c2ec27c818a/
12,https://www.upwork.com/freelancers/_~01bcf5b2587caf5928/
13,https://www.upwork.com/freelancers/_~01f72bd376f5a9772e/
14,https://www.upwork.com/freelancers/_~0153fdcf607047010d/
15,https://www.upwork.com/freelancers/_~01217ec14ed088e22e/
16,https://www.upwork.com/freelancers/_~01b6897727793259c6/
17,https://www.upwork.com/fl/andrewhealey
18,https://www.upwork.com/freelancers/_~01573f0f23fa49e489/
19,https://www.upwork.com/freelancers/_~01136a41260779d2f6/
20,https://www.upwork.com/freelancers/_~016a8b1cf55394ff6c/
21,https://www.upwork.com/freelancers/_~010582d7b53ed11d98/
22,https://www.upwork.com/freelancers/_~015a32fbb1d396b97e/
23,https://www.upwork.com/freelancers/_~015a2aaa4d9882255c/
24,https://www.upwork.com/freelancers/_~01a184c9fe4f1b210d/
25,https://www.upwork.com/freelancers/_~0195ae74c6914c6d41/
